{"count":1,"self":5.2083368,"total":5.3164717,"children":{"InitializeActuators":{"count":1,"self":0.0024792,"total":0.0024792,"children":null},"InitializeSensors":{"count":1,"self":0.0034831999999999997,"total":0.0034831999999999997,"children":null},"AgentSendState":{"count":260,"self":0.0054557999999999994,"total":0.0168632,"children":{"CollectObservations":{"count":13,"self":0.0054557,"total":0.0054557,"children":null},"WriteActionMask":{"count":13,"self":0.0009918,"total":0.0009918,"children":null},"RequestDecision":{"count":13,"self":0.0049599,"total":0.0049599,"children":null}}},"DecideAction":{"count":260,"self":0.081343199999999991,"total":0.081343199999999991,"children":null},"AgentAct":{"count":260,"self":0.0024776999999999998,"total":0.0024776999999999998,"children":null}},"gauges":{},"metadata":{"timer_format_version":"0.1.0","start_time_seconds":"1711317097","unity_version":"2021.3.18f1","command_line_arguments":"C:\\Users\\MQ20208365\\Desktop\\HybridPlay\\FirstPersonHerding.exe","communication_protocol_version":"1.5.0","com.unity.ml-agents_version":"2.0.1","scene_name":"FirstPerson_Herding","end_time_seconds":"1711317102"}}